"category","rating","country","average_price"
"White","80","Argentina","                12.28"
"White","80","Australia","                13.00"
"White","80","Brazil","                22.50"
"White","80","Bulgaria","                 9.00"
"White","80","Chile","                11.27"
"White","80","Cyprus","                10.00"
"White","80","France","                17.08"
"White","80","Germany","                15.00"
"White","80","Greece","                15.50"
"White","80","Italy","                13.85"
"White","80","Japan","                24.00"
"White","80","Mexico","                13.00"
"White","80","New Zealand","                21.00"
"White","80","Portugal",NULL
"White","80","Romania","                12.50"
"White","80","South Africa","                12.75"
"White","80","Spain","                13.00"
"White","80","Uruguay","                13.67"
"White","80","US","                15.86"
"White","81","Argentina","                13.00"
"White","81","Australia","                12.71"
"White","81","Bulgaria","                 9.00"
"White","81","Chile","                12.19"
"White","81","France","                14.46"
"White","81","Georgia","                 9.00"
"White","81","Germany","                14.00"
"White","81","Greece","                13.50"
"White","81","Israel","                14.75"
"White","81","Italy","                15.91"
"White","81","Lebanon","                25.00"
"White","81","Mexico","                17.67"
"White","81","Moldova","                 9.00"
"White","81","New Zealand","                16.75"
"White","81","Portugal","                10.00"
"White","81","Romania","                12.00"
"White","81","South Africa","                11.40"
"White","81","Spain","                14.85"
"White","81","Uruguay","                12.00"
"White","81","US","                15.20"
"White","82","Argentina","                12.93"
"White","82","Australia","                14.83"
"White","82","Austria","                23.67"
"White","82","Brazil","                15.00"
"White","82","Bulgaria","                 9.00"
"White","82","Canada","                20.00"
"White","82","Chile","                12.31"
"White","82","China","                17.00"
"White","82","Croatia","                40.50"
"White","82","France","                16.68"
"White","82","Georgia","                21.50"
"White","82","Germany","                14.36"
"White","82","Greece","                14.56"
"White","82","Hungary","                18.00"
"White","82","Israel","                21.20"
"White","82","Italy","                14.68"
"White","82","Lebanon","                20.50"
"White","82","Mexico","                17.17"
"White","82","Moldova","                11.50"
"White","82","New Zealand","                16.40"
"White","82","Peru","                12.00"
"White","82","Portugal","                10.69"
"White","82","Romania","                14.67"
"White","82","Slovakia","                15.00"
"White","82","Slovenia","                15.00"
"White","82","South Africa","                11.23"
"White","82","Spain","                15.97"
"White","82","Ukraine","                 6.00"
"White","82","Uruguay","                20.00"
"White","82","US","                16.82"
"White","82",NULL,NULL
"White","83","Argentina","                12.56"
"White","83","Australia","                12.32"
"White","83","Austria","                16.20"
"White","83","Bulgaria","                 9.00"
"White","83","Canada","                15.00"
"White","83","Chile","                11.93"
"White","83","Croatia","                15.67"
"White","83","Egypt",NULL
"White","83","France","                16.02"
"White","83","Georgia","                19.50"
"White","83","Germany","                14.11"
"White","83","Greece","                15.80"
"White","83","Hungary","                 9.00"
"White","83","Israel","                22.00"
"White","83","Italy","                14.96"
"White","83","Lebanon","                29.50"
"White","83","Mexico","                15.00"
"White","83","Moldova","                11.20"
"White","83","New Zealand","                17.57"
"White","83","Peru","                11.50"
"White","83","Portugal","                 9.64"
"White","83","Romania","                13.00"
"White","83","Slovenia","                20.00"
"White","83","South Africa","                11.00"
"White","83","Spain","                15.48"
"White","83","Uruguay","                10.50"
"White","83","US","                16.62"
"White","84","Argentina","                12.67"
"White","84","Australia","                13.19"
"White","84","Austria","                18.17"
"White","84","Brazil","                15.00"
"White","84","Bulgaria","                 8.60"
"White","84","Canada","                16.89"
"White","84","Chile","                12.38"
"White","84","Croatia","                15.25"
"White","84","Czech Republic","                16.00"
"White","84","Egypt",NULL
"White","84","France","                16.49"
"White","84","Georgia","                24.20"
"White","84","Germany","                18.28"
"White","84","Greece","                16.91"
"White","84","Hungary","                 8.67"
"White","84","Israel","                17.15"
"White","84","Italy","                14.13"
"White","84","Lebanon","                25.00"
"White","84","Mexico","                16.83"
"White","84","Moldova","                 9.00"
"White","84","Morocco","                25.00"
"White","84","New Zealand","                16.95"
"White","84","Peru","                14.00"
"White","84","Portugal","                10.58"
"White","84","Romania","                 9.53"
"White","84","Slovenia","                20.00"
"White","84","South Africa","                11.62"
"White","84","Spain","                15.39"
"White","84","Turkey","                19.25"
"White","84","Uruguay","                14.50"
"White","84","US","                17.34"
"White","84",NULL,"                 6.00"
"White","85","Argentina","                13.38"
"White","85","Australia","                14.28"
"White","85","Austria","                17.89"
"White","85","Brazil","                15.00"
"White","85","Bulgaria","                 8.60"
"White","85","Canada","                17.00"
"White","85","Chile","                12.87"
"White","85","Croatia","                32.00"
"White","85","Cyprus","                16.50"
"White","85","Czech Republic","                25.00"
"White","85","France","                17.50"
"White","85","Georgia","                11.00"
"White","85","Germany","                18.49"
"White","85","Greece","                18.04"
"White","85","Hungary","                18.00"
"White","85","Israel","                18.24"
"White","85","Italy","                15.27"
"White","85","Japan","                24.00"
"White","85","Lebanon","                36.00"
"White","85","Macedonia","                15.00"
"White","85","Mexico","                26.00"
"White","85","Moldova","                 8.00"
"White","85","Morocco","                14.00"
"White","85","New Zealand","                16.45"
"White","85","Portugal","                11.43"
"White","85","Romania","                28.31"
"White","85","Slovenia","                20.00"
"White","85","South Africa","                12.75"
"White","85","Spain","                15.36"
"White","85","Tunisia",NULL
"White","85","Turkey","                17.67"
"White","85","Ukraine","                 9.00"
"White","85","Uruguay","                20.33"
"White","85","US","                18.16"
"White","85",NULL,NULL
"White","86","Argentina","                14.02"
"White","86","Australia","                15.42"
"White","86","Austria","                17.92"
"White","86","Bulgaria","                10.71"
"White","86","Canada","                20.00"
"White","86","Chile","                13.34"
"White","86","Croatia","                22.00"
"White","86","Czech Republic","                17.50"
"White","86","France","                19.26"
"White","86","Georgia","                12.00"
"White","86","Germany","                18.10"
"White","86","Greece","                19.34"
"White","86","Hungary","                14.60"
"White","86","Israel","                22.17"
"White","86","Italy","                16.82"
"White","86","Lebanon","                27.00"
"White","86","Luxembourg","                36.00"
"White","86","Macedonia","                13.00"
"White","86","Mexico","                18.00"
"White","86","Moldova","                10.50"
"White","86","New Zealand","                17.11"
"White","86","Portugal","                12.40"
"White","86","Romania","                 8.19"
"White","86","Slovenia","                16.00"
"White","86","South Africa","                13.62"
"White","86","Spain","                16.68"
"White","86","Turkey","                15.00"
"White","86","Uruguay","                19.00"
"White","86","US","                19.61"
"White","86",NULL,NULL
"White","87","Argentina","                15.39"
"White","87","Armenia","                14.00"
"White","87","Australia","                18.13"
"White","87","Austria","                19.64"
"White","87","Bosnia and Herzegovina","                16.00"
"White","87","Bulgaria","                12.38"
"White","87","Canada","                19.35"
"White","87","Chile","                14.64"
"White","87","Croatia","                18.58"
"White","87","Cyprus","                13.00"
"White","87","Czech Republic","                17.67"
"White","87","France","                22.43"
"White","87","Georgia","                17.50"
"White","87","Germany","                19.73"
"White","87","Greece","                19.72"
"White","87","Hungary","                21.25"
"White","87","India","                11.50"
"White","87","Israel","                20.93"
"White","87","Italy","                19.67"
"White","87","Lebanon","                30.50"
"White","87","Luxembourg","                36.00"
"White","87","Macedonia","                15.00"
"White","87","Mexico","                18.83"
"White","87","Moldova","                11.83"
"White","87","Morocco","                15.00"
"White","87","New Zealand","                17.34"
"White","87","Portugal","                13.81"
"White","87","Romania","                10.21"
"White","87","Serbia","                24.00"
"White","87","Slovakia","                16.00"
"White","87","Slovenia","                17.82"
"White","87","South Africa","                15.46"
"White","87","Spain","                16.95"
"White","87","Turkey","                18.86"
"White","87","Uruguay","                17.33"
"White","87","US","                20.66"
"White","88","Argentina","                18.28"
"White","88","Australia","                20.30"
"White","88","Austria","                21.14"
"White","88","Brazil","                20.00"
"White","88","Bulgaria","                13.00"
"White","88","Canada","                21.16"
"White","88","Chile","                17.80"
"White","88","Croatia","                21.31"
"White","88","Cyprus","                14.00"
"White","88","Czech Republic","                15.00"
"White","88","France","                26.45"
"White","88","Georgia","                19.70"
"White","88","Germany","                21.82"
"White","88","Greece","                18.97"
"White","88","Hungary","                23.00"
"White","88","India","                12.00"
"White","88","Israel","                23.78"
"White","88","Italy","                23.36"
"White","88","Lebanon","                20.00"
"White","88","Luxembourg","                36.50"
"White","88","Macedonia","                15.00"
"White","88","Mexico","                22.00"
"White","88","Moldova","                14.50"
"White","88","Morocco","                18.00"
"White","88","New Zealand","                18.33"
"White","88","Portugal","                16.43"
"White","88","Romania","                13.93"
"White","88","Serbia","                18.00"
"White","88","Slovenia","                22.33"
"White","88","South Africa","                17.92"
"White","88","Spain","                20.84"
"White","88","Turkey","                22.40"
"White","88","Ukraine","                 9.00"
"White","88","Uruguay","                30.00"
"White","88","US","                21.94"
"White","88","US-France","                50.00"
"White","88",NULL,"                20.00"
"White","89","Argentina","                28.91"
"White","89","Australia","                23.84"
"White","89","Austria","                24.23"
"White","89","Bulgaria","                15.61"
"White","89","Canada","                23.91"
"White","89","Chile","                19.82"
"White","89","Croatia","                23.83"
"White","89","Cyprus","                21.00"
"White","89","Czech Republic","                40.00"
"White","89","France","                30.32"
"White","89","Georgia","                21.29"
"White","89","Germany","                24.92"
"White","89","Greece","                20.72"
"White","89","Hungary","                22.04"
"White","89","India","                12.00"
"White","89","Israel","                20.06"
"White","89","Italy","                26.45"
"White","89","Lebanon","                23.50"
"White","89","Luxembourg","                20.25"
"White","89","Moldova","                18.80"
"White","89","New Zealand","                20.51"
"White","89","Portugal","                19.19"
"White","89","Romania","                14.00"
"White","89","Serbia","                20.00"
"White","89","Slovenia","                24.16"
"White","89","South Africa","                20.59"
"White","89","Spain","                22.09"
"White","89","Switzerland","                27.00"
"White","89","Turkey","                22.50"
"White","89","Uruguay","                25.00"
"White","89","US","                23.36"
"White","90","Argentina","                36.27"
"White","90","Australia","                28.83"
"White","90","Austria","                26.72"
"White","90","Bulgaria","                13.43"
"White","90","Canada","                23.29"
"White","90","Chile","                20.69"
"White","90","Croatia","                23.67"
"White","90","France","                36.15"
"White","90","Georgia","                19.75"
"White","90","Germany","                29.27"
"White","90","Greece","                21.87"
"White","90","Hungary","                26.14"
"White","90","India","                11.00"
"White","90","Israel","                23.15"
"White","90","Italy","                29.49"
"White","90","Luxembourg","                21.00"
"White","90","Moldova","                35.00"
"White","90","New Zealand","                23.34"
"White","90","Portugal","                23.34"
"White","90","Slovenia","                33.71"
"White","90","South Africa","                25.45"
"White","90","Spain","                25.84"
"White","90","Switzerland","                32.00"
"White","90","Uruguay","                25.00"
"White","90","US","                26.50"
"White","91","Argentina","                37.80"
"White","91","Australia","                29.89"
"White","91","Austria","                29.69"
"White","91","Bulgaria","                23.00"
"White","91","Canada","                31.00"
"White","91","Chile","                23.40"
"White","91","France","                42.35"
"White","91","Germany","                37.40"
"White","91","Greece","                23.00"
"White","91","Hungary","                29.44"
"White","91","Israel","                50.00"
"White","91","Italy","                33.02"
"White","91","New Zealand","                26.42"
"White","91","Portugal","                26.59"
"White","91","South Africa","                34.51"
"White","91","Spain","                30.96"
"White","91","Uruguay","                25.00"
"White","91","US","                30.01"
"White","92","Argentina","                60.00"
"White","92","Australia","                41.18"
"White","92","Austria","                35.05"
"White","92","Canada","                41.08"
"White","92","Croatia","                18.00"
"White","92","France","                50.12"
"White","92","Georgia","                25.00"
"White","92","Germany","                44.16"
"White","92","Greece","                20.87"
"White","92","Hungary","                16.00"
"White","92","Israel","                36.50"
"White","92","Italy","                37.37"
"White","92","New Zealand","                33.29"
"White","92","Portugal","                30.97"
"White","92","Slovenia","                50.00"
"White","92","South Africa","                39.31"
"White","92","Spain","                38.27"
"White","92","US","                34.42"
"White","93","Australia","                52.48"
"White","93","Austria","                42.10"
"White","93","Canada","                38.22"
"White","93","France","                66.36"
"White","93","Germany","                54.86"
"White","93","Greece","                25.50"
"White","93","Hungary","                25.00"
"White","93","Italy","                43.86"
"White","93","New Zealand","                37.57"
"White","93","Portugal","                46.63"
"White","93","South Africa","                56.00"
"White","93","Spain","                36.67"
"White","93","US","                41.31"
"White","94","Australia","                79.08"
"White","94","Austria","                54.70"
"White","94","Canada","                28.00"
"White","94","France","                85.50"
"White","94","Germany","                71.37"
"White","94","Hungary","                41.00"
"White","94","Italy","                52.73"
"White","94","New Zealand","                60.33"
"White","94","Portugal","                34.75"
"White","94","South Africa",NULL
"White","94","Spain","                57.00"
"White","94","US","                47.84"
"White","95","Australia","                94.00"
"White","95","Austria","                60.37"
"White","95","France","               123.76"
"White","95","Germany","                97.81"
"White","95","Italy","                59.75"
"White","95","Portugal","                51.00"
"White","95","US","                53.34"
"White","96","Austria","                59.84"
"White","96","France","               181.68"
"White","96","Germany","               201.20"
"White","96","Italy","                31.00"
"White","96","US","                59.79"
"White","97","Australia","                50.00"
"White","97","Austria","               127.00"
"White","97","France","               338.80"
"White","97","Germany","               445.00"
"White","97","Italy","               170.00"
"White","97","US","                60.36"
"White","98","Austria","                80.00"
"White","98","France","               549.00"
"White","98","US","                79.00"
"White","99","France","               560.00"
"White","99","US","                44.00"
"White","100","France","               848.00"
"Sparkling","80","Argentina","                16.20"
"Sparkling","80","Australia","                29.00"
"Sparkling","80","Austria","                14.00"
"Sparkling","80","Brazil","                11.50"
"Sparkling","80","Chile","                22.50"
"Sparkling","80","France","                25.67"
"Sparkling","80","Germany","                23.00"
"Sparkling","80","Italy","                11.00"
"Sparkling","80","Peru","                15.00"
"Sparkling","80","Spain","                17.67"
"Sparkling","80","US","                 8.29"
"Sparkling","81","Argentina","                15.83"
"Sparkling","81","Australia","                10.67"
"Sparkling","81","Brazil","                30.00"
"Sparkling","81","Chile","                23.50"
"Sparkling","81","France","                23.43"
"Sparkling","81","Germany","                13.00"
"Sparkling","81","Italy","                17.00"
"Sparkling","81","Moldova","                17.00"
"Sparkling","81","Portugal","                18.00"
"Sparkling","81","Spain","                12.67"
"Sparkling","81","US","                14.57"
"Sparkling","82","Argentina","                15.75"
"Sparkling","82","Australia","                15.29"
"Sparkling","82","Brazil","                16.00"
"Sparkling","82","Chile","                16.00"
"Sparkling","82","France","                26.33"
"Sparkling","82","Germany","                13.25"
"Sparkling","82","Italy","                15.97"
"Sparkling","82","Moldova","                16.00"
"Sparkling","82","Portugal",NULL
"Sparkling","82","South Africa","                 7.00"
"Sparkling","82","Spain","                15.24"
"Sparkling","82","Ukraine","                10.00"
"Sparkling","82","US","                14.26"
"Sparkling","83","Argentina","                17.08"
"Sparkling","83","Australia","                14.30"
"Sparkling","83","Austria","                17.67"
"Sparkling","83","Brazil","                31.00"
"Sparkling","83","Chile","                25.60"
"Sparkling","83","France","                29.22"
"Sparkling","83","Georgia","                10.00"
"Sparkling","83","Germany","                15.00"
"Sparkling","83","Hungary","                10.00"
"Sparkling","83","Italy","                15.88"
"Sparkling","83","Moldova","                10.50"
"Sparkling","83","New Zealand","                24.50"
"Sparkling","83","Portugal","                15.75"
"Sparkling","83","South Africa","                18.50"
"Sparkling","83","Spain","                14.65"
"Sparkling","83","Ukraine","                11.00"
"Sparkling","83","US","                16.63"
"Sparkling","84","Argentina","                15.45"
"Sparkling","84","Australia","                15.28"
"Sparkling","84","Austria","                18.25"
"Sparkling","84","Brazil","                13.40"
"Sparkling","84","Chile","                19.25"
"Sparkling","84","France","                28.43"
"Sparkling","84","Georgia","                10.00"
"Sparkling","84","Germany","                16.00"
"Sparkling","84","Hungary","                12.00"
"Sparkling","84","Italy","                16.69"
"Sparkling","84","Lithuania","                10.00"
"Sparkling","84","Portugal","                16.35"
"Sparkling","84","South Africa","                14.80"
"Sparkling","84","Spain","                14.07"
"Sparkling","84","Ukraine","                13.00"
"Sparkling","84","US","                19.38"
"Sparkling","85","Argentina","                16.29"
"Sparkling","85","Australia","                15.60"
"Sparkling","85","Austria","                22.60"
"Sparkling","85","Brazil","                17.00"
"Sparkling","85","Canada","                20.00"
"Sparkling","85","Chile","                16.00"
"Sparkling","85","France","                30.99"
"Sparkling","85","Germany","                20.67"
"Sparkling","85","Hungary","                13.00"
"Sparkling","85","Italy","                17.55"
"Sparkling","85","Lithuania","                10.00"
"Sparkling","85","Moldova","                10.67"
"Sparkling","85","New Zealand","                15.67"
"Sparkling","85","Portugal","                14.81"
"Sparkling","85","Romania","                 8.00"
"Sparkling","85","South Africa","                15.00"
"Sparkling","85","Spain","                14.73"
"Sparkling","85","Ukraine","                13.00"
"Sparkling","85","US","                19.73"
"Sparkling","86","Argentina","                18.67"
"Sparkling","86","Australia","                18.04"
"Sparkling","86","Austria","                22.50"
"Sparkling","86","Brazil","                24.50"
"Sparkling","86","Chile","                17.67"
"Sparkling","86","France","                37.13"
"Sparkling","86","Georgia","                35.00"
"Sparkling","86","Germany","                18.67"
"Sparkling","86","Israel","                26.00"
"Sparkling","86","Italy","                18.67"
"Sparkling","86","New Zealand","                21.50"
"Sparkling","86","Portugal","                19.19"
"Sparkling","86","South Africa","                19.54"
"Sparkling","86","Spain","                15.24"
"Sparkling","86","Ukraine","                13.00"
"Sparkling","86","US","                21.86"
"Sparkling","87","Argentina","                21.77"
"Sparkling","87","Australia","                21.05"
"Sparkling","87","Austria","                21.27"
"Sparkling","87","Brazil","                21.00"
"Sparkling","87","Bulgaria","                15.00"
"Sparkling","87","Chile","                19.00"
"Sparkling","87","France","                40.24"
"Sparkling","87","Georgia","                20.00"
"Sparkling","87","Germany","                14.71"
"Sparkling","87","Israel","                22.50"
"Sparkling","87","Italy","                20.96"
"Sparkling","87","New Zealand","                22.50"
"Sparkling","87","Portugal","                21.31"
"Sparkling","87","Slovenia","                36.00"
"Sparkling","87","South Africa","                23.27"
"Sparkling","87","Spain","                16.43"
"Sparkling","87","US","                25.60"
"Sparkling","88","Argentina","                24.00"
"Sparkling","88","Australia","                23.21"
"Sparkling","88","Austria","                25.52"
"Sparkling","88","Brazil","                31.33"
"Sparkling","88","Chile","                30.00"
"Sparkling","88","England","                40.00"
"Sparkling","88","France","                47.11"
"Sparkling","88","Germany","                17.57"
"Sparkling","88","Israel","                21.67"
"Sparkling","88","Italy","                27.68"
"Sparkling","88","Luxembourg","                30.00"
"Sparkling","88","New Zealand","                32.00"
"Sparkling","88","Portugal","                25.92"
"Sparkling","88","Slovenia","                17.00"
"Sparkling","88","South Africa","                20.25"
"Sparkling","88","Spain","                18.07"
"Sparkling","88","US","                29.25"
"Sparkling","89","Argentina","                36.00"
"Sparkling","89","Australia","                22.77"
"Sparkling","89","Austria","                27.45"
"Sparkling","89","Brazil","                40.50"
"Sparkling","89","Chile","                20.00"
"Sparkling","89","Croatia","                70.00"
"Sparkling","89","England","                43.89"
"Sparkling","89","France","                50.38"
"Sparkling","89","Georgia","                37.00"
"Sparkling","89","Germany","                26.40"
"Sparkling","89","Italy","                32.71"
"Sparkling","89","Luxembourg","                27.50"
"Sparkling","89","Portugal","                31.80"
"Sparkling","89","South Africa","                27.13"
"Sparkling","89","Spain","                22.70"
"Sparkling","89","US","                31.03"
"Sparkling","90","Australia","                28.73"
"Sparkling","90","Austria","                29.07"
"Sparkling","90","Canada","                33.00"
"Sparkling","90","England","                55.10"
"Sparkling","90","France","                57.56"
"Sparkling","90","Germany","                25.23"
"Sparkling","90","India","                50.00"
"Sparkling","90","Israel","                35.00"
"Sparkling","90","Italy","                35.75"
"Sparkling","90","New Zealand","                32.00"
"Sparkling","90","Portugal","                32.29"
"Sparkling","90","South Africa","                28.43"
"Sparkling","90","Spain","                34.09"
"Sparkling","90","US","                35.82"
"Sparkling","91","Australia","                27.67"
"Sparkling","91","Austria","                34.06"
"Sparkling","91","England","                48.25"
"Sparkling","91","France","                67.93"
"Sparkling","91","Germany","                26.50"
"Sparkling","91","Hungary","                30.00"
"Sparkling","91","Italy","                41.01"
"Sparkling","91","New Zealand","                33.00"
"Sparkling","91","South Africa",NULL
"Sparkling","91","Spain","                42.09"
"Sparkling","91","Turkey","                42.50"
"Sparkling","91","US","                41.81"
"Sparkling","92","Australia","                60.00"
"Sparkling","92","Austria","                37.56"
"Sparkling","92","Canada","                20.00"
"Sparkling","92","England","                44.13"
"Sparkling","92","France","                78.42"
"Sparkling","92","Germany","                37.60"
"Sparkling","92","Italy","                43.54"
"Sparkling","92","New Zealand","                37.50"
"Sparkling","92","Portugal","                33.00"
"Sparkling","92","Spain","                53.83"
"Sparkling","92","US","                47.58"
"Sparkling","93","Australia","                44.00"
"Sparkling","93","Austria","                41.22"
"Sparkling","93","England","                61.50"
"Sparkling","93","France","                95.83"
"Sparkling","93","Germany","                47.00"
"Sparkling","93","Italy","                56.36"
"Sparkling","93","Spain","               120.67"
"Sparkling","93","US","                55.01"
"Sparkling","94","Austria","                62.50"
"Sparkling","94","England","                60.75"
"Sparkling","94","France","               117.37"
"Sparkling","94","Germany","                45.00"
"Sparkling","94","Italy","                70.85"
"Sparkling","94","US","                73.33"
"Sparkling","95","Austria",NULL
"Sparkling","95","England","                73.20"
"Sparkling","95","France","               180.00"
"Sparkling","95","Germany","               110.00"
"Sparkling","95","Italy","                70.00"
"Sparkling","95","US","                80.96"
"Sparkling","96","England","                50.00"
"Sparkling","96","France","               254.18"
"Sparkling","96","Italy","                72.50"
"Sparkling","96","US","                97.29"
"Sparkling","97","France","               361.76"
"Sparkling","97","US","               138.13"
"Sparkling","98","France","               469.86"
"Sparkling","98","US","               164.40"
"Sparkling","99","France","               619.00"
"Sparkling","100","France","               549.83"
"Rose","80","Argentina","                12.50"
"Rose","80","Australia","                20.00"
"Rose","80","Chile","                11.00"
"Rose","80","France","                16.50"
"Rose","80","Germany","                12.00"
"Rose","80","Mexico","                15.00"
"Rose","80","Portugal","                 8.00"
"Rose","80","Spain","                10.57"
"Rose","80","Uruguay","                15.00"
"Rose","80","US","                14.92"
"Rose","81","Argentina","                11.20"
"Rose","81","Australia","                11.00"
"Rose","81","Chile","                10.67"
"Rose","81","France","                10.14"
"Rose","81","Germany","                13.50"
"Rose","81","Greece","                13.00"
"Rose","81","Italy","                32.00"
"Rose","81","Lebanon","                20.00"
"Rose","81","Portugal","                11.36"
"Rose","81","Spain","                12.31"
"Rose","81","US","                14.70"
"Rose","82","Argentina","                12.59"
"Rose","82","Australia","                12.57"
"Rose","82","Chile","                12.90"
"Rose","82","France","                12.53"
"Rose","82","Georgia","                10.00"
"Rose","82","Germany","                11.00"
"Rose","82","Greece","                 9.00"
"Rose","82","Italy","                14.50"
"Rose","82","Lebanon","                15.00"
"Rose","82","Mexico","                25.00"
"Rose","82","Portugal","                10.64"
"Rose","82","Romania","                 9.00"
"Rose","82","South Africa","                13.00"
"Rose","82","Spain","                11.58"
"Rose","82","US","                15.09"
"Rose","83","Argentina","                12.30"
"Rose","83","Australia","                12.58"
"Rose","83","Austria","                13.50"
"Rose","83","Canada","                18.00"
"Rose","83","Chile","                12.08"
"Rose","83","Croatia","                21.00"
"Rose","83","France","                13.60"
"Rose","83","Greece","                12.00"
"Rose","83","Italy","                15.00"
"Rose","83","Mexico","                21.00"
"Rose","83","New Zealand","                12.50"
"Rose","83","Portugal","                 9.92"
"Rose","83","South Africa","                11.00"
"Rose","83","Spain","                12.73"
"Rose","83","US","                14.62"
"Rose","84","Argentina","                12.85"
"Rose","84","Australia","                13.27"
"Rose","84","Austria","                13.67"
"Rose","84","Chile","                10.64"
"Rose","84","France","                13.70"
"Rose","84","Georgia","                28.00"
"Rose","84","Greece","                12.67"
"Rose","84","Israel","                30.00"
"Rose","84","Italy","                12.35"
"Rose","84","Morocco","                 8.00"
"Rose","84","New Zealand","                19.60"
"Rose","84","Portugal","                10.85"
"Rose","84","South Africa","                11.67"
"Rose","84","Spain","                11.59"
"Rose","84","Ukraine","                 6.00"
"Rose","84","Uruguay","                15.67"
"Rose","84","US","                15.83"
"Rose","85","Argentina","                11.31"
"Rose","85","Australia","                15.45"
"Rose","85","Austria","                14.17"
"Rose","85","Bulgaria","                 9.00"
"Rose","85","Chile","                13.15"
"Rose","85","China","                34.00"
"Rose","85","Czech Republic","                18.00"
"Rose","85","France","                14.39"
"Rose","85","Germany",NULL
"Rose","85","Greece","                11.00"
"Rose","85","Hungary","                15.00"
"Rose","85","Israel","                15.00"
"Rose","85","Italy","                16.09"
"Rose","85","New Zealand","                16.43"
"Rose","85","Portugal","                11.63"
"Rose","85","Romania","                11.00"
"Rose","85","South Africa","                11.35"
"Rose","85","Spain","                11.10"
"Rose","85","Uruguay","                14.00"
"Rose","85","US","                17.42"
"Rose","85",NULL,"                 7.00"
"Rose","86","Argentina","                13.33"
"Rose","86","Australia","                16.46"
"Rose","86","Austria","                14.00"
"Rose","86","Bulgaria","                12.33"
"Rose","86","Canada","                23.00"
"Rose","86","Chile","                12.64"
"Rose","86","France","                15.51"
"Rose","86","Georgia","                12.00"
"Rose","86","Germany","                14.33"
"Rose","86","Greece","                16.40"
"Rose","86","Israel","                17.75"
"Rose","86","Italy","                15.39"
"Rose","86","Lebanon","                19.50"
"Rose","86","Mexico","                17.00"
"Rose","86","Morocco","                18.00"
"Rose","86","New Zealand","                20.25"
"Rose","86","Portugal","                14.52"
"Rose","86","South Africa","                13.00"
"Rose","86","Spain","                13.10"
"Rose","86","Turkey","                24.33"
"Rose","86","US","                18.45"
"Rose","87","Argentina","                13.33"
"Rose","87","Australia","                15.73"
"Rose","87","Austria","                13.83"
"Rose","87","Bulgaria","                 9.00"
"Rose","87","Chile","                13.13"
"Rose","87","Croatia","                21.00"
"Rose","87","France","                19.39"
"Rose","87","Georgia","                25.00"
"Rose","87","Germany","                16.25"
"Rose","87","Greece","                17.20"
"Rose","87","Hungary","                19.00"
"Rose","87","Israel","                21.00"
"Rose","87","Italy","                17.09"
"Rose","87","Moldova","                17.00"
"Rose","87","New Zealand","                16.29"
"Rose","87","Portugal","                15.35"
"Rose","87","Slovenia","                24.00"
"Rose","87","South Africa","                12.07"
"Rose","87","Spain","                12.50"
"Rose","87","Tunisia",NULL
"Rose","87","Turkey","                17.00"
"Rose","87","US","                19.01"
"Rose","88","Argentina","                13.00"
"Rose","88","Armenia","                15.00"
"Rose","88","Australia","                16.92"
"Rose","88","Austria","                14.79"
"Rose","88","Bulgaria","                12.00"
"Rose","88","Canada","                21.50"
"Rose","88","Chile","                14.86"
"Rose","88","France","                18.70"
"Rose","88","Germany","                17.33"
"Rose","88","Greece","                14.00"
"Rose","88","Israel","                27.50"
"Rose","88","Italy","                18.30"
"Rose","88","Lebanon","                17.50"
"Rose","88","New Zealand","                16.00"
"Rose","88","Portugal","                16.55"
"Rose","88","Romania","                 9.00"
"Rose","88","Slovenia","                23.00"
"Rose","88","South Africa","                17.00"
"Rose","88","Spain","                12.65"
"Rose","88","Turkey","                16.00"
"Rose","88","US","                20.45"
"Rose","89","Argentina","                12.00"
"Rose","89","Australia","                18.30"
"Rose","89","Austria","                15.38"
"Rose","89","Chile","                16.00"
"Rose","89","Croatia","                21.00"
"Rose","89","France","                19.70"
"Rose","89","Germany","                16.50"
"Rose","89","Greece","                19.67"
"Rose","89","Hungary","                17.67"
"Rose","89","Israel","                18.00"
"Rose","89","Italy","                18.71"
"Rose","89","Lebanon","                25.00"
"Rose","89","Moldova","                14.00"
"Rose","89","New Zealand","                22.00"
"Rose","89","Portugal","                31.50"
"Rose","89","South Africa","                12.00"
"Rose","89","Spain","                14.67"
"Rose","89","Switzerland","                30.50"
"Rose","89","US","                19.92"
"Rose","90","Australia","                21.00"
"Rose","90","Austria","                18.00"
"Rose","90","Canada","                24.00"
"Rose","90","Chile","                17.00"
"Rose","90","Croatia","                20.00"
"Rose","90","France","                22.36"
"Rose","90","Germany","                22.20"
"Rose","90","Greece","                18.00"
"Rose","90","Israel","                15.00"
"Rose","90","Italy","                20.94"
"Rose","90","Moldova","                16.00"
"Rose","90","New Zealand","                31.00"
"Rose","90","Portugal",NULL
"Rose","90","South Africa","                14.00"
"Rose","90","Spain","                24.00"
"Rose","90","Switzerland","                28.00"
"Rose","90","US","                21.71"
"Rose","91","Australia","                19.00"
"Rose","91","Austria","                20.00"
"Rose","91","Chile","                16.00"
"Rose","91","France","                28.73"
"Rose","91","Germany","                24.67"
"Rose","91","Italy","                22.86"
"Rose","91","Spain","                10.00"
"Rose","91","US","                25.81"
"Rose","92","Austria","                22.00"
"Rose","92","France","                35.51"
"Rose","92","Italy","                22.00"
"Rose","92","Spain","                50.00"
"Rose","92","US","                26.34"
"Rose","93","France","                49.15"
"Rose","93","US","                23.60"
"Rose","94","France","                60.00"
"Rose","94","US","                34.88"
"Rose","95","US","                47.00"
"Red","80","Argentina","                12.33"
"Red","80","Australia","                11.57"
"Red","80","Brazil","                15.50"
"Red","80","Bulgaria","                 8.00"
"Red","80","Chile","                13.14"
"Red","80","China","                30.00"
"Red","80","France","                15.38"
"Red","80","Greece","                13.50"
"Red","80","Hungary","                12.00"
"Red","80","Israel","                16.50"
"Red","80","Italy","                14.59"
"Red","80","Mexico","                24.00"
"Red","80","New Zealand","                18.20"
"Red","80","Portugal","                15.00"
"Red","80","Romania","                 9.00"
"Red","80","South Africa","                12.08"
"Red","80","South Korea","                 6.00"
"Red","80","Spain","                15.05"
"Red","80","Uruguay","                11.71"
"Red","80","US","                21.96"
"Red","81","Argentina","                12.52"
"Red","81","Australia","                13.09"
"Red","81","Austria","                26.00"
"Red","81","Brazil","                19.75"
"Red","81","Bulgaria","                11.67"
"Red","81","Chile","                13.46"
"Red","81","China","                27.00"
"Red","81","Croatia","                18.00"
"Red","81","Cyprus","                10.00"
"Red","81","France","                14.92"
"Red","81","Georgia","                11.00"
"Red","81","Germany","                47.00"
"Red","81","Greece","                12.25"
"Red","81","Hungary","                20.00"
"Red","81","Israel","                22.80"
"Red","81","Italy","                16.11"
"Red","81","Macedonia","                12.00"
"Red","81","Mexico","                27.00"
"Red","81","Moldova","                11.50"
"Red","81","New Zealand","                20.29"
"Red","81","Peru","                12.00"
"Red","81","Portugal","                11.17"
"Red","81","Romania","                11.00"
"Red","81","South Africa","                12.42"
"Red","81","South Korea","                11.00"
"Red","81","Spain","                18.82"
"Red","81","Uruguay","                24.33"
"Red","81","US","                21.64"
"Red","82","Argentina","                13.47"
"Red","82","Australia","                14.00"
"Red","82","Austria","                14.54"
"Red","82","Brazil","                12.83"
"Red","82","Bulgaria","                11.00"
"Red","82","Canada","                17.00"
"Red","82","Chile","                12.52"
"Red","82","France","                15.83"
"Red","82","Georgia","                13.67"
"Red","82","Germany","                50.00"
"Red","82","Greece","                16.20"
"Red","82","Hungary","                22.33"
"Red","82","India","                20.00"
"Red","82","Israel","                18.17"
"Red","82","Italy","                17.79"
"Red","82","Lebanon","                13.00"
"Red","82","Macedonia","                16.00"
"Red","82","Mexico","                21.25"
"Red","82","Moldova","                11.50"
"Red","82","Montenegro","                10.00"
"Red","82","Morocco","                 6.00"
"Red","82","New Zealand","                27.21"
"Red","82","Peru","                24.00"
"Red","82","Portugal","                11.78"
"Red","82","Romania","                10.00"
"Red","82","Slovenia","                15.00"
"Red","82","South Africa","                16.41"
"Red","82","South Korea","                16.00"
"Red","82","Spain","                16.08"
"Red","82","Uruguay","                12.70"
"Red","82","US","                23.93"
"Red","83","Argentina","                14.96"
"Red","83","Australia","                13.77"
"Red","83","Austria","                20.93"
"Red","83","Bosnia and Herzegovina","                13.00"
"Red","83","Brazil","                25.60"
"Red","83","Bulgaria","                13.20"
"Red","83","Canada","                40.00"
"Red","83","Chile","                13.08"
"Red","83","Croatia","                14.00"
"Red","83","France","                16.73"
"Red","83","Georgia","                12.00"
"Red","83","Germany","                18.00"
"Red","83","Greece","                17.78"
"Red","83","Hungary","                23.29"
"Red","83","Israel","                28.21"
"Red","83","Italy","                18.24"
"Red","83","Lebanon","                30.25"
"Red","83","Macedonia","                12.00"
"Red","83","Mexico","                21.38"
"Red","83","Moldova","                11.33"
"Red","83","New Zealand","                22.31"
"Red","83","Peru","                13.00"
"Red","83","Portugal","                10.95"
"Red","83","Romania","                12.47"
"Red","83","South Africa","                14.04"
"Red","83","Spain","                16.41"
"Red","83","Switzerland","                38.00"
"Red","83","Uruguay","                18.15"
"Red","83","US","                23.27"
"Red","83",NULL,NULL
"Red","84","Argentina","                14.53"
"Red","84","Australia","                16.35"
"Red","84","Austria","                18.47"
"Red","84","Brazil","                17.50"
"Red","84","Bulgaria","                11.00"
"Red","84","Canada","                33.50"
"Red","84","Chile","                13.48"
"Red","84","Croatia","                15.00"
"Red","84","Cyprus","                11.50"
"Red","84","France","                18.13"
"Red","84","Georgia","                21.25"
"Red","84","Germany","                35.33"
"Red","84","Global","                59.00"
"Red","84","Greece","                18.04"
"Red","84","Hungary","                32.67"
"Red","84","Israel","                27.00"
"Red","84","Italy","                20.69"
"Red","84","Lebanon","                19.00"
"Red","84","Macedonia","                14.33"
"Red","84","Mexico","                33.63"
"Red","84","Moldova","                15.33"
"Red","84","New Zealand","                23.89"
"Red","84","Peru","                17.00"
"Red","84","Portugal","                12.47"
"Red","84","Romania","                13.38"
"Red","84","South Africa","                14.27"
"Red","84","Spain","                17.50"
"Red","84","Turkey","                14.00"
"Red","84","Ukraine","                 7.00"
"Red","84","Uruguay","                22.39"
"Red","84","US","                25.10"
"Red","85","Argentina","                14.97"
"Red","85","Australia","                18.23"
"Red","85","Austria","                19.69"
"Red","85","Bosnia and Herzegovina","                13.00"
"Red","85","Brazil","                30.64"
"Red","85","Bulgaria","                 9.40"
"Red","85","Canada","                23.88"
"Red","85","Chile","                14.35"
"Red","85","Croatia","                28.00"
"Red","85","Cyprus","                16.00"
"Red","85","Czech Republic","                18.00"
"Red","85","France","                18.29"
"Red","85","Georgia","                12.00"
"Red","85","Germany","                22.53"
"Red","85","Greece","                20.40"
"Red","85","Hungary","                25.80"
"Red","85","Israel","                24.49"
"Red","85","Italy","                23.23"
"Red","85","Lebanon","                50.00"
"Red","85","Macedonia","                25.00"
"Red","85","Mexico","                32.80"
"Red","85","Moldova","                14.25"
"Red","85","New Zealand","                24.42"
"Red","85","Peru","                28.50"
"Red","85","Portugal","                12.20"
"Red","85","Romania","                 8.60"
"Red","85","Slovenia","                 7.00"
"Red","85","South Africa","                15.07"
"Red","85","Spain","                17.67"
"Red","85","Tunisia","                 8.00"
"Red","85","Uruguay","                17.86"
"Red","85","US","                26.71"
"Red","86","Argentina","                16.64"
"Red","86","Australia","                20.38"
"Red","86","Austria","                20.30"
"Red","86","Brazil","                38.00"
"Red","86","Bulgaria","                11.36"
"Red","86","Canada","                28.75"
"Red","86","Chile","                15.04"
"Red","86","Croatia","                19.75"
"Red","86","Czech Republic","                15.00"
"Red","86","France","                20.32"
"Red","86","Germany","                24.00"
"Red","86","Greece","                23.89"
"Red","86","Hungary","                37.71"
"Red","86","Israel","                27.52"
"Red","86","Italy","                25.00"
"Red","86","Macedonia","                16.00"
"Red","86","Mexico","                32.00"
"Red","86","Moldova","                23.80"
"Red","86","Morocco","                30.00"
"Red","86","New Zealand","                25.32"
"Red","86","Peru","                22.33"
"Red","86","Portugal","                13.36"
"Red","86","Romania","                10.88"
"Red","86","Serbia","                15.00"
"Red","86","Slovenia","                18.00"
"Red","86","South Africa","                16.91"
"Red","86","Spain","                18.56"
"Red","86","Switzerland","                19.00"
"Red","86","Turkey","                30.20"
"Red","86","Uruguay","                21.53"
"Red","86","US","                30.00"
"Red","86",NULL,"                 9.25"
"Red","87","Argentina","                19.12"
"Red","87","Australia","                23.04"
"Red","87","Austria","                21.69"
"Red","87","Bulgaria","                10.93"
"Red","87","Canada","                31.50"
"Red","87","Chile","                17.51"
"Red","87","Croatia","                22.88"
"Red","87","Cyprus","                16.00"
"Red","87","France","                22.77"
"Red","87","Georgia","                16.71"
"Red","87","Germany","                40.65"
"Red","87","Greece","                25.42"
"Red","87","Hungary","                31.45"
"Red","87","India","                60.00"
"Red","87","Israel","                29.53"
"Red","87","Italy","                29.28"
"Red","87","Lebanon","                20.00"
"Red","87","Macedonia","                15.00"
"Red","87","Mexico","                33.88"
"Red","87","Moldova","                14.00"
"Red","87","Morocco","                18.00"
"Red","87","New Zealand","                26.76"
"Red","87","Portugal","                15.64"
"Red","87","Romania","                12.79"
"Red","87","Serbia","                16.00"
"Red","87","Slovenia","                18.33"
"Red","87","South Africa","                20.60"
"Red","87","Spain","                22.14"
"Red","87","Turkey","                23.00"
"Red","87","Uruguay","                22.67"
"Red","87","US","                32.31"
"Red","87",NULL,"                11.33"
"Red","88","Albania","                20.00"
"Red","88","Argentina","                21.62"
"Red","88","Australia","                27.10"
"Red","88","Austria","                23.06"
"Red","88","Bosnia and Herzegovina","                12.00"
"Red","88","Brazil","                57.50"
"Red","88","Bulgaria","                17.33"
"Red","88","Canada","                32.00"
"Red","88","Chile","                22.08"
"Red","88","China","               110.00"
"Red","88","Croatia","                23.78"
"Red","88","Cyprus","                20.00"
"Red","88","Czech Republic","                19.75"
"Red","88","France","                28.49"
"Red","88","Georgia","                17.77"
"Red","88","Germany","                34.03"
"Red","88","Greece","                31.34"
"Red","88","Hungary","                29.62"
"Red","88","Israel","                32.13"
"Red","88","Italy","                35.91"
"Red","88","Lebanon","                43.00"
"Red","88","Mexico","                27.90"
"Red","88","Moldova","                16.42"
"Red","88","Morocco","                19.33"
"Red","88","New Zealand","                30.44"
"Red","88","Portugal","                18.94"
"Red","88","Romania","                26.75"
"Red","88","Serbia","                21.00"
"Red","88","Slovenia","                20.00"
"Red","88","South Africa","                22.58"
"Red","88","Spain","                26.21"
"Red","88","Switzerland","                92.50"
"Red","88","Turkey","                23.36"
"Red","88","Uruguay","                28.65"
"Red","88","US","                35.29"
"Red","88",NULL,"                20.00"
"Red","89","Argentina","                27.03"
"Red","89","Australia","                32.12"
"Red","89","Austria","                30.18"
"Red","89","Bulgaria","                17.09"
"Red","89","Canada","                38.56"
"Red","89","Chile","                26.62"
"Red","89","China","                18.00"
"Red","89","Croatia","                36.91"
"Red","89","Czech Republic","                45.00"
"Red","89","France","                32.30"
"Red","89","Georgia","                19.67"
"Red","89","Germany","                45.10"
"Red","89","Greece","                28.21"
"Red","89","Hungary","                39.33"
"Red","89","India","                13.00"
"Red","89","Israel","                33.30"
"Red","89","Italy","                43.09"
"Red","89","Lebanon","                19.00"
"Red","89","Macedonia","                16.00"
"Red","89","Mexico","                40.33"
"Red","89","Moldova","                21.00"
"Red","89","Morocco","                18.00"
"Red","89","New Zealand","                33.55"
"Red","89","Portugal","                21.99"
"Red","89","Romania","                27.75"
"Red","89","Serbia","                41.00"
"Red","89","Slovenia","                42.67"
"Red","89","South Africa","                26.24"
"Red","89","Spain","                32.56"
"Red","89","Switzerland","               109.40"
"Red","89","Turkey","                27.13"
"Red","89","Uruguay","                31.08"
"Red","89","US","                37.19"
"Red","90","Argentina","                33.37"
"Red","90","Australia","                38.32"
"Red","90","Austria","                29.45"
"Red","90","Bulgaria","                21.57"
"Red","90","Canada","                36.80"
"Red","90","Chile","                33.27"
"Red","90","China","               139.00"
"Red","90","Croatia","                40.80"
"Red","90","France","                40.23"
"Red","90","Georgia","                23.00"
"Red","90","Germany","                38.67"
"Red","90","Greece","                29.38"
"Red","90","Hungary","                33.40"
"Red","90","India","                13.00"
"Red","90","Israel","                37.81"
"Red","90","Italy","                49.63"
"Red","90","Lebanon","                40.00"
"Red","90","Mexico","                53.25"
"Red","90","Moldova","                28.50"
"Red","90","Morocco","                23.60"
"Red","90","New Zealand","                36.82"
"Red","90","Portugal","                24.98"
"Red","90","Romania","                58.00"
"Red","90","Slovenia","                37.25"
"Red","90","South Africa","                34.39"
"Red","90","Spain","                39.43"
"Red","90","Switzerland","                30.00"
"Red","90","Turkey","                25.93"
"Red","90","Uruguay","                41.36"
"Red","90","US","                42.63"
"Red","91","Argentina","                45.64"
"Red","91","Armenia","                24.00"
"Red","91","Australia","                45.90"
"Red","91","Austria","                33.46"
"Red","91","Bulgaria","                40.00"
"Red","91","Canada","                47.39"
"Red","91","Chile","                42.68"
"Red","91","Croatia","                60.00"
"Red","91","France","                43.35"
"Red","91","Georgia","                30.50"
"Red","91","Germany","                34.13"
"Red","91","Greece","                28.10"
"Red","91","Hungary","                70.00"
"Red","91","India","                12.00"
"Red","91","Israel","                40.15"
"Red","91","Italy","                57.76"
"Red","91","Lebanon","                40.00"
"Red","91","Mexico","                74.50"
"Red","91","Moldova","                25.00"
"Red","91","Morocco","                19.50"
"Red","91","New Zealand","                47.23"
"Red","91","Portugal","                29.87"
"Red","91","Slovenia","                62.50"
"Red","91","South Africa","                40.22"
"Red","91","Spain","                48.98"
"Red","91","Turkey","                36.13"
"Red","91","Uruguay","                66.63"
"Red","91","US","                46.68"
"Red","92","Argentina","                58.56"
"Red","92","Armenia","                38.50"
"Red","92","Australia","                54.61"
"Red","92","Austria","                37.51"
"Red","92","Canada","                44.00"
"Red","92","Chile","                63.80"
"Red","92","Croatia","                34.00"
"Red","92","France","                59.11"
"Red","92","Germany","                41.95"
"Red","92","Greece","                30.83"
"Red","92","India","                19.00"
"Red","92","Israel","                42.98"
"Red","92","Italy","                65.20"
"Red","92","Mexico","                54.00"
"Red","92","New Zealand","                52.90"
"Red","92","Portugal","                36.60"
"Red","92","South Africa","                53.66"
"Red","92","Spain","                62.36"
"Red","92","Turkey","                35.33"
"Red","92","Uruguay","                36.50"
"Red","92","US","                53.07"
"Red","93","Argentina","                75.03"
"Red","93","Australia","                77.20"
"Red","93","Austria","                45.51"
"Red","93","Canada","                46.67"
"Red","93","Chile","                83.95"
"Red","93","China","               300.00"
"Red","93","France","                83.84"
"Red","93","Germany","                51.82"
"Red","93","India","                20.00"
"Red","93","Israel","                35.86"
"Red","93","Italy","                76.51"
"Red","93","Morocco","                26.50"
"Red","93","New Zealand","                64.50"
"Red","93","Portugal","                49.24"
"Red","93","South Africa","                71.68"
"Red","93","Spain","                80.63"
"Red","93","Uruguay","               120.00"
"Red","93","US","                60.22"
"Red","94","Argentina","                82.59"
"Red","94","Australia","               107.03"
"Red","94","Austria","                54.09"
"Red","94","Canada","                43.33"
"Red","94","Chile","                86.05"
"Red","94","France","               117.39"
"Red","94","Germany","                59.27"
"Red","94","Israel","                25.00"
"Red","94","Italy","                91.34"
"Red","94","New Zealand","                61.33"
"Red","94","Portugal","                62.01"
"Red","94","South Africa","                70.00"
"Red","94","Spain","               112.15"
"Red","94","US","                72.81"
"Red","95","Argentina","                76.91"
"Red","95","Australia","               175.31"
"Red","95","Austria","                68.87"
"Red","95","Chile","                90.00"
"Red","95","France","               207.69"
"Red","95","Germany","                97.11"
"Red","95","Italy","               114.48"
"Red","95","New Zealand","                89.50"
"Red","95","Portugal","                80.61"
"Red","95","South Africa","               150.00"
"Red","95","Spain","               144.57"
"Red","95","US","                86.03"
"Red","96","Argentina","                91.80"
"Red","96","Australia","               270.78"
"Red","96","Austria","                68.57"
"Red","96","France","               301.65"
"Red","96","Germany","               153.33"
"Red","96","Italy","               134.41"
"Red","96","Portugal","                95.50"
"Red","96","South Africa","               330.00"
"Red","96","Spain","               177.89"
"Red","96","US","               102.50"
"Red","97","Argentina","               120.00"
"Red","97","Australia","               287.50"
"Red","97","Austria","               105.00"
"Red","97","France","               370.02"
"Red","97","Italy","               161.36"
"Red","97","Portugal","               128.75"
"Red","97","Spain","               158.33"
"Red","97","US","               126.49"
"Red","98","Australia","               331.00"
"Red","98","France","               471.25"
"Red","98","Italy","               165.31"
"Red","98","Portugal","               106.00"
"Red","98","Spain","               391.25"
"Red","98","US","               160.73"
"Red","99","Australia","               850.00"
"Red","99","France","              1087.50"
"Red","99","Italy","               279.41"
"Red","99","Portugal","               426.00"
"Red","99","US","               147.00"
"Red","100","France","              1728.09"
"Red","100","Italy","               244.44"
"Red","100","Portugal","               450.00"
"Red","100","Spain","               750.00"
"Red","100","US","               166.11"
"Port/Sherry","80","Portugal","                50.00"
"Port/Sherry","81","Portugal","                39.67"
"Port/Sherry","82","Portugal","                41.42"
"Port/Sherry","82","Spain","                13.00"
"Port/Sherry","82","US","                22.00"
"Port/Sherry","83","Portugal","                41.35"
"Port/Sherry","83","Spain","                16.50"
"Port/Sherry","83","US","                41.11"
"Port/Sherry","84","Portugal","                29.09"
"Port/Sherry","84","Spain","                15.00"
"Port/Sherry","84","US","                28.67"
"Port/Sherry","85","Australia","                13.00"
"Port/Sherry","85","Italy",NULL
"Port/Sherry","85","Portugal","                26.14"
"Port/Sherry","85","South Africa","                16.00"
"Port/Sherry","85","Spain","                21.00"
"Port/Sherry","85","US","                34.77"
"Port/Sherry","86","Australia","                15.50"
"Port/Sherry","86","Portugal","                29.02"
"Port/Sherry","86","South Africa","                30.00"
"Port/Sherry","86","Spain","                15.13"
"Port/Sherry","86","US","                32.53"
"Port/Sherry","87","Australia","                25.00"
"Port/Sherry","87","Israel","                16.00"
"Port/Sherry","87","Italy","                12.50"
"Port/Sherry","87","Portugal","                45.09"
"Port/Sherry","87","South Africa","                 9.00"
"Port/Sherry","87","Spain","                29.12"
"Port/Sherry","87","US","                38.19"
"Port/Sherry","88","Australia","                22.25"
"Port/Sherry","88","France","                24.00"
"Port/Sherry","88","Italy","                13.80"
"Port/Sherry","88","Portugal","                37.90"
"Port/Sherry","88","South Africa","                17.50"
"Port/Sherry","88","Spain","                20.29"
"Port/Sherry","88","US","                34.36"
"Port/Sherry","89","Australia","                24.89"
"Port/Sherry","89","France",NULL
"Port/Sherry","89","Italy",NULL
"Port/Sherry","89","Portugal","                39.11"
"Port/Sherry","89","Spain","                28.96"
"Port/Sherry","89","US","                50.33"
"Port/Sherry","90","Australia","                27.20"
"Port/Sherry","90","France","                30.00"
"Port/Sherry","90","Portugal","                44.32"
"Port/Sherry","90","South Africa",NULL
"Port/Sherry","90","Spain","                27.07"
"Port/Sherry","90","US","                35.33"
"Port/Sherry","91","Australia","                58.33"
"Port/Sherry","91","Italy",NULL
"Port/Sherry","91","Portugal","                52.18"
"Port/Sherry","91","Spain","                37.03"
"Port/Sherry","91","US","                37.67"
"Port/Sherry","92","Australia","                67.50"
"Port/Sherry","92","Portugal","                79.68"
"Port/Sherry","92","Spain","                47.33"
"Port/Sherry","92","US","                43.71"
"Port/Sherry","93","Australia","               300.00"
"Port/Sherry","93","Portugal","                85.69"
"Port/Sherry","93","Spain","                60.47"
"Port/Sherry","93","US","                38.75"
"Port/Sherry","94","Australia","                86.00"
"Port/Sherry","94","Portugal","               117.36"
"Port/Sherry","94","Spain","                42.73"
"Port/Sherry","94","US","                48.00"
"Port/Sherry","95","Australia","               185.00"
"Port/Sherry","95","Portugal","               131.93"
"Port/Sherry","95","Spain","               149.00"
"Port/Sherry","95","US","                53.50"
"Port/Sherry","96","Portugal","               211.15"
"Port/Sherry","96","Spain","                30.00"
"Port/Sherry","96","US","                40.00"
"Port/Sherry","97","Australia","                85.00"
"Port/Sherry","97","Portugal","               170.63"
"Port/Sherry","98","Australia","                86.00"
"Port/Sherry","98","Portugal","               280.67"
"Port/Sherry","99","Portugal","               298.71"
"Port/Sherry","100","Portugal","               383.33"
"Fortified","82","France","                19.00"
"Fortified","82","US","                40.00"
"Fortified","83","France","                30.00"
"Fortified","83","Italy","                20.00"
"Fortified","83","US","                50.00"
"Fortified","84","France",NULL
"Fortified","84","US","                40.00"
"Fortified","85","France",NULL
"Fortified","85","US","                33.50"
"Fortified","86","France","                24.00"
"Fortified","86","Italy","                18.00"
"Fortified","86","Portugal",NULL
"Fortified","86","US","                34.00"
"Fortified","87","France","                26.40"
"Fortified","87","Italy","                13.00"
"Fortified","87","Portugal","                14.00"
"Fortified","87","US","                43.25"
"Fortified","88","France","                25.00"
"Fortified","88","Italy","                17.67"
"Fortified","88","Portugal","                11.00"
"Fortified","88","Spain","                38.00"
"Fortified","88","US","                17.00"
"Fortified","89","France","                26.50"
"Fortified","89","Italy","                25.00"
"Fortified","89","US","                22.00"
"Fortified","90","Australia","                16.00"
"Fortified","90","France","                33.88"
"Fortified","90","Italy",NULL
"Fortified","90","Portugal","                61.00"
"Fortified","90","Spain","                65.00"
"Fortified","90","Uruguay","                46.00"
"Fortified","90","US","                35.50"
"Fortified","91","France","                35.00"
"Fortified","91","Italy","                35.00"
"Fortified","91","Portugal","                35.00"
"Fortified","91","US","                19.00"
"Fortified","92","Australia","                78.00"
"Fortified","92","France","                67.50"
"Fortified","92","Portugal","                56.33"
"Fortified","92","US","                65.00"
"Fortified","93","France","               168.00"
"Fortified","93","Portugal","                70.67"
"Fortified","94","Australia","                26.00"
"Fortified","94","Portugal","                62.50"
"Fortified","95","Australia","                85.00"
"Fortified","95","France","               350.00"
"Fortified","95","Portugal","               226.11"
"Fortified","96","France","               380.00"
"Fortified","96","Portugal","               160.00"
"Fortified","97","Australia","               375.00"
"Fortified","98","Australia","               350.00"
"Dessert","80","Argentina","                42.00"
"Dessert","80","Italy","                 9.00"
"Dessert","80","US","                27.00"
"Dessert","81","Australia","                19.00"
"Dessert","81","Austria","                26.50"
"Dessert","81","Germany","                52.00"
"Dessert","81","Greece","                 7.00"
"Dessert","81","US","                21.57"
"Dessert","82","Australia","                19.00"
"Dessert","82","Austria","                42.00"
"Dessert","82","Chile","                19.00"
"Dessert","82","Germany","                28.00"
"Dessert","82","Italy","                16.86"
"Dessert","82","Portugal","                28.00"
"Dessert","82","Spain","                18.00"
"Dessert","82","US","                19.92"
"Dessert","83","Australia","                16.00"
"Dessert","83","Austria","                24.00"
"Dessert","83","Chile","                15.00"
"Dessert","83","Hungary","                20.00"
"Dessert","83","Italy","                15.65"
"Dessert","83","New Zealand","                17.00"
"Dessert","83","US","                26.81"
"Dessert","84","Australia","                17.40"
"Dessert","84","Austria","                22.25"
"Dessert","84","Canada","                47.67"
"Dessert","84","Chile","                15.25"
"Dessert","84","France","                27.80"
"Dessert","84","Germany","               167.00"
"Dessert","84","Greece","                11.00"
"Dessert","84","Israel","                31.00"
"Dessert","84","Italy","                15.81"
"Dessert","84","Portugal","                 8.00"
"Dessert","84","Spain","                23.00"
"Dessert","84","Uruguay","                18.00"
"Dessert","84","US","                24.59"
"Dessert","85","Argentina","                14.33"
"Dessert","85","Australia","                20.67"
"Dessert","85","Austria","                33.60"
"Dessert","85","Canada","                44.17"
"Dessert","85","Chile","                14.00"
"Dessert","85","Cyprus","                13.00"
"Dessert","85","France","                20.88"
"Dessert","85","Germany","                66.50"
"Dessert","85","Greece","                17.86"
"Dessert","85","Hungary","                30.00"
"Dessert","85","Israel","                14.00"
"Dessert","85","Italy","                22.03"
"Dessert","85","Spain","                38.40"
"Dessert","85","Ukraine","                 9.00"
"Dessert","85","US","                24.08"
"Dessert","86","Argentina","                11.67"
"Dessert","86","Australia","                18.67"
"Dessert","86","Austria","                45.00"
"Dessert","86","Canada","                48.71"
"Dessert","86","Chile","                15.71"
"Dessert","86","France","                23.82"
"Dessert","86","Germany","                38.00"
"Dessert","86","Greece","                13.50"
"Dessert","86","Israel","                39.00"
"Dessert","86","Italy","                27.55"
"Dessert","86","New Zealand","                16.50"
"Dessert","86","Portugal",NULL
"Dessert","86","Spain","                14.00"
"Dessert","86","Ukraine","                 9.00"
"Dessert","86","US","                27.62"
"Dessert","87","Argentina","                25.00"
"Dessert","87","Australia","                22.67"
"Dessert","87","Austria","                29.57"
"Dessert","87","Canada","                36.50"
"Dessert","87","Chile","                14.83"
"Dessert","87","Cyprus","                18.00"
"Dessert","87","France","                28.00"
"Dessert","87","Germany","                40.67"
"Dessert","87","Greece","                21.60"
"Dessert","87","Hungary","                37.75"
"Dessert","87","Israel","                25.00"
"Dessert","87","Italy","                32.56"
"Dessert","87","Moldova","                10.00"
"Dessert","87","New Zealand","                30.00"
"Dessert","87","Portugal","                14.40"
"Dessert","87","South Africa","                12.40"
"Dessert","87","Spain","                36.60"
"Dessert","87","Uruguay","                45.00"
"Dessert","87","US","                29.23"
"Dessert","88","Australia","                21.00"
"Dessert","88","Austria","                42.35"
"Dessert","88","Canada","                55.00"
"Dessert","88","Chile","                15.64"
"Dessert","88","Croatia","                15.00"
"Dessert","88","France","                26.35"
"Dessert","88","Germany","                65.25"
"Dessert","88","Greece","                32.50"
"Dessert","88","Hungary","                63.00"
"Dessert","88","Israel","                21.00"
"Dessert","88","Italy","                38.51"
"Dessert","88","Moldova","                42.00"
"Dessert","88","Portugal","                29.71"
"Dessert","88","South Africa","                30.50"
"Dessert","88","Spain","                24.25"
"Dessert","88","US","                28.57"
"Dessert","89","Australia","                16.78"
"Dessert","89","Austria","                37.41"
"Dessert","89","Canada","                62.09"
"Dessert","89","Chile","                14.71"
"Dessert","89","Cyprus","                18.33"
"Dessert","89","France","                34.59"
"Dessert","89","Georgia","                27.00"
"Dessert","89","Germany","                47.38"
"Dessert","89","Greece","                17.00"
"Dessert","89","Hungary","                53.75"
"Dessert","89","Israel","                23.00"
"Dessert","89","Italy","                35.40"
"Dessert","89","Moldova","                10.00"
"Dessert","89","Portugal","                25.00"
"Dessert","89","South Africa","                20.00"
"Dessert","89","Spain","                31.40"
"Dessert","89","US","                31.51"
"Dessert","90","Australia","                21.00"
"Dessert","90","Austria","                41.20"
"Dessert","90","Canada","                60.25"
"Dessert","90","Chile","                22.20"
"Dessert","90","France","                35.50"
"Dessert","90","Germany","               129.67"
"Dessert","90","Greece","                16.50"
"Dessert","90","Hungary","                42.25"
"Dessert","90","Israel","                26.00"
"Dessert","90","Italy","                45.43"
"Dessert","90","Moldova","                31.00"
"Dessert","90","New Zealand","                58.00"
"Dessert","90","Portugal","                28.40"
"Dessert","90","Slovenia","                60.00"
"Dessert","90","South Africa","                28.00"
"Dessert","90","Spain","                30.00"
"Dessert","90","US","                33.40"
"Dessert","91","Australia","                21.33"
"Dessert","91","Austria","                51.96"
"Dessert","91","Canada","                65.37"
"Dessert","91","Chile","                22.00"
"Dessert","91","Croatia","                50.00"
"Dessert","91","France","                44.20"
"Dessert","91","Germany","               118.10"
"Dessert","91","Greece","                49.00"
"Dessert","91","Hungary","                65.45"
"Dessert","91","Italy","                51.26"
"Dessert","91","New Zealand","                23.00"
"Dessert","91","Portugal","                40.00"
"Dessert","91","South Africa","                42.33"
"Dessert","91","Spain","                45.31"
"Dessert","91","US","                35.27"
"Dessert","92","Australia","                36.10"
"Dessert","92","Austria","                54.87"
"Dessert","92","Canada","                61.07"
"Dessert","92","Chile","                32.00"
"Dessert","92","France","                46.45"
"Dessert","92","Germany","               117.29"
"Dessert","92","Hungary","                79.60"
"Dessert","92","Italy","                52.24"
"Dessert","92","New Zealand","                26.50"
"Dessert","92","Portugal","                35.00"
"Dessert","92","South Africa","                44.00"
"Dessert","92","Spain","                52.10"
"Dessert","92","US","                37.65"
"Dessert","93","Australia","                86.00"
"Dessert","93","Austria","                49.58"
"Dessert","93","Canada","                62.57"
"Dessert","93","Chile","                39.50"
"Dessert","93","France","                53.61"
"Dessert","93","Germany","               167.46"
"Dessert","93","Hungary","                61.38"
"Dessert","93","Italy","                53.23"
"Dessert","93","New Zealand","                29.33"
"Dessert","93","Portugal","                50.00"
"Dessert","93","South Africa","                41.40"
"Dessert","93","Spain","                63.67"
"Dessert","93","US","                34.82"
"Dessert","94","Australia","                70.83"
"Dessert","94","Austria","                56.79"
"Dessert","94","Canada","                58.50"
"Dessert","94","Chile","                44.00"
"Dessert","94","France","                78.34"
"Dessert","94","Germany","               184.83"
"Dessert","94","Hungary","               222.20"
"Dessert","94","Italy","                72.32"
"Dessert","94","New Zealand","                25.00"
"Dessert","94","Portugal",NULL
"Dessert","94","South Africa","                50.00"
"Dessert","94","Spain","                35.00"
"Dessert","94","US","                39.16"
"Dessert","95","Australia","                96.67"
"Dessert","95","Austria","                67.95"
"Dessert","95","Canada","                60.00"
"Dessert","95","France","                76.41"
"Dessert","95","Germany","               282.89"
"Dessert","95","Hungary","               167.20"
"Dessert","95","Italy","                57.11"
"Dessert","95","South Africa","                63.50"
"Dessert","95","US","                52.24"
"Dessert","96","Austria","                69.29"
"Dessert","96","Canada","                60.00"
"Dessert","96","France","                83.54"
"Dessert","96","Germany","               250.56"
"Dessert","96","Hungary","               156.00"
"Dessert","96","Italy","                71.67"
"Dessert","96","US","                81.14"
"Dessert","97","Australia","               165.67"
"Dessert","97","Austria","                79.00"
"Dessert","97","France","               192.75"
"Dessert","97","Germany","               464.75"
"Dessert","97","Hungary","                80.00"
"Dessert","97","Italy","                75.00"
"Dessert","97","Spain","                88.00"
"Dessert","97","US","                57.50"
"Dessert","98","Australia","               249.00"
"Dessert","98","Austria","               101.60"
"Dessert","98","France","               135.00"
"Dessert","98","Germany","               775.00"
"Dessert","98","Portugal","               230.00"
"Dessert","98","US","                85.00"
"Dessert","99","Australia","               300.00"
"Dessert","99","Austria","               150.00"
"Dessert","99","France","               159.00"
"Dessert","99","Italy","               237.00"
"Dessert","100","Australia","               325.00"
"Dessert","100","Austria","                93.75"
"Dessert","100","Italy","               210.00"
